experiment,fold,seed,group,snr_db,accuracy_pct_mean,accuracy_pct_std,macro_f1_mean,macro_f1_std,weighted_f1_mean,weighted_f1_std,n_repeats
404,d15_cfg22,2026,fold_test,clean,65.47725245316681,0.0,0.6331759757901065,0.0,0.6629506293860095,0.0,1
404,d15_cfg22,2026,fold_test,10.0,64.61492714837942,0.2943649996018968,0.595588711016379,0.0040747713368807234,0.6434221808367747,0.003292795000699876,3
404,d15_cfg22,2026,fold_test,5.0,62.4145108534047,0.21026071400135105,0.5020902099112552,0.0009930709179250966,0.5845541429394928,0.0010425413355961513,3
404,d15_cfg22,2026,fold_test,0.0,66.69640202200416,0.22251902389378211,0.4134043996726733,0.0032559772261376795,0.54241662112497,0.0023569088920309808,3
404,d15_cfg22,2026,config_2_1_mix,clean,99.52283571915473,0.0,0.9952069676100416,0.0,0.9952298850187977,0.0,1
404,d15_cfg22,2026,config_2_1_mix,10.0,99.56827993637809,0.06426782832870848,0.9956624298914353,0.0006453740277248002,0.9956837042101454,0.0006423828028629921,3
404,d15_cfg22,2026,config_2_1_mix,5.0,98.93206089525108,0.11586047520093222,0.9892531416997561,0.0011683865417049801,0.9893140766499683,0.0011606619041499798,3
404,d15_cfg22,2026,config_2_1_mix,0.0,67.41649625085209,0.1472560940333516,0.6130484615444205,0.002289084667468811,0.624055328662917,0.0021830452623693123,3
404,d15_cfg22,2026,config_2_2_mix,clean,65.47725245316681,0.0,0.6331759757901065,0.0,0.6629506293860095,0.0,1
404,d15_cfg22,2026,config_2_2_mix,10.0,64.31757359500445,0.0728364478972086,0.592978020666123,0.0013140284364157309,0.6407939397791291,0.0009568472692521712,3
404,d15_cfg22,2026,config_2_2_mix,5.0,62.56318763009218,0.3442116236333722,0.5076469790121261,0.006828787234295926,0.5882694408906904,0.005052289888838576,3
404,d15_cfg22,2026,config_2_2_mix,0.0,66.5477252453167,0.25231285680161725,0.4095742565917377,0.0048710788801398985,0.5396046646033938,0.0036914175373665096,3
404,d15_cfg22,3407,fold_test,clean,66.63693131132918,0.0,0.6538729533911458,0.0,0.6758735867047829,0.0,1
404,d15_cfg22,3407,fold_test,10.0,65.5069878085043,0.04205214280027289,0.6441466035470913,0.0006809296603954472,0.664996368573436,0.00041227635376665155,3
404,d15_cfg22,3407,fold_test,5.0,59.82753493904252,0.3666020816514382,0.5901944027300624,0.003196000970436044,0.6094302942883517,0.0036752447178212354,3
404,d15_cfg22,3407,fold_test,0.0,57.47844186738032,0.4957874516959032,0.5603293464757294,0.005343011589122363,0.5869678262817432,0.004833861581813251,3
404,d15_cfg22,3407,config_2_1_mix,clean,99.04567143830948,0.0,0.9903935024940036,0.0,0.9904492776902606,0.0,1
404,d15_cfg22,3407,config_2_1_mix,10.0,93.84230856623496,0.17891406212251415,0.9383757064694556,0.0017844204865194759,0.9384977478740822,0.001788915581199827,3
404,d15_cfg22,3407,config_2_1_mix,5.0,83.66280390820269,0.5462765407939651,0.8357170430615438,0.005633573246793565,0.8348438408153992,0.005729232906947343,3
404,d15_cfg22,3407,config_2_1_mix,0.0,85.73051579186547,0.3261236104159805,0.8569069568879127,0.003333622531970781,0.856368407360709,0.0033885442893819046,3
404,d15_cfg22,3407,config_2_2_mix,clean,66.63693131132918,0.0,0.6538729533911458,0.0,0.6758735867047829,0.0,1
404,d15_cfg22,3407,config_2_2_mix,10.0,65.17989889979185,0.11125951194689106,0.6407368910315374,0.000810954655534417,0.6618208429233673,0.0010771224355070677,3
404,d15_cfg22,3407,config_2_2_mix,5.0,59.23282783229259,0.12615642840081195,0.5847118977198371,0.000849768579976875,0.6034671231969132,0.0014956026317072908,3
404,d15_cfg22,3407,config_2_2_mix,0.0,58.10288432946774,0.40115187520761364,0.5658852771111166,0.003932978160419335,0.5930022502369147,0.0038809142005755896,3
404,d15_cfg22,4096,fold_test,clean,66.72613737734166,0.0,0.6580486348785763,0.0,0.6768245973001258,0.0,1
404,d15_cfg22,4096,fold_test,10.0,66.87481415402914,0.23413642206398524,0.6442186278536526,0.0017139289917048434,0.6754658113488187,0.0020406224734144537,3
404,d15_cfg22,4096,fold_test,5.0,64.19863217365447,0.3032423142190178,0.5657601471827243,0.0033828088190538015,0.6266207798792532,0.0029799212423799156,3
404,d15_cfg22,4096,fold_test,0.0,66.04222420457926,0.22251902389378336,0.41155607559062185,0.005336996273444938,0.5395708314725473,0.003937594748751303,3
404,d15_cfg22,4096,config_2_1_mix,clean,99.45466939331969,0.0,0.9945227472137697,0.0,0.9945486689203663,0.0,1
404,d15_cfg22,4096,config_2_1_mix,10.0,99.65916837082482,0.09640174249305268,0.9965758978065821,0.0009681551544935093,0.9965925371320585,0.0009636205687126176,3
404,d15_cfg22,4096,config_2_1_mix,5.0,98.31856396273575,0.25707131331480715,0.9830711580485249,0.0025921365032298732,0.9831707864258367,0.0025751919049663875,3
404,d15_cfg22,4096,config_2_1_mix,0.0,65.23517382413088,0.34758142560277716,0.5797400159042736,0.0059515316221019025,0.5922426135182519,0.0056501584462126135,3
404,d15_cfg22,4096,config_2_2_mix,clean,66.72613737734166,0.0,0.6580486348785763,0.0,0.6768245973001258,0.0,1
404,d15_cfg22,4096,config_2_2_mix,10.0,66.78560808801666,0.5167453820095984,0.6434391145620745,0.0054758027430380565,0.6746503453657936,0.00503241580249534,3
404,d15_cfg22,4096,config_2_2_mix,5.0,63.901278620279506,0.08410428560053908,0.5608170432842291,0.0006706004074006874,0.6228081783227878,0.00044671484285268166,3
404,d15_cfg22,4096,config_2_2_mix,0.0,66.04222420457924,0.04205214280027289,0.4075696976500363,0.0035100920497337525,0.5370414872741599,0.002287913611181125,3
404,d16_cfg21,2026,fold_test,clean,92.20549158547388,0.0,0.9133954909030049,0.0,0.9241409397926914,0.0,1
404,d16_cfg21,2026,fold_test,10.0,73.72305875405965,0.32611045223463886,0.7326148047225632,0.0030852568729136777,0.7463953866056893,0.003267816872160712,3
404,d16_cfg21,2026,fold_test,5.0,50.66430469441985,0.5785626791339078,0.5016609299360626,0.006354820160253482,0.48213475075366113,0.0075955714468433615,3
404,d16_cfg21,2026,fold_test,0.0,36.72866843814585,0.22094227261729868,0.32890149757444403,0.002827941575954361,0.2659252456752208,0.003469719169108729,3
404,d16_cfg21,2026,config_2_1_mix,clean,93.93319700068167,0.0,0.9393206917914252,0.0,0.93937990242223,0.0,1
404,d16_cfg21,2026,config_2_1_mix,10.0,79.64099068393547,0.2801369690056316,0.7929450551305247,0.003002488822303489,0.7910284081761051,0.003071933837592106,3
404,d16_cfg21,2026,config_2_1_mix,5.0,62.508520790729385,0.24260573169805422,0.5877047913230823,0.003432036819530696,0.5788196171702646,0.003589073271856207,3
404,d16_cfg21,2026,config_2_1_mix,0.0,51.102022267666435,0.14006848450282156,0.4094695562149149,0.002521218117634136,0.39194208590098256,0.0026553126098371417,3
404,d16_cfg21,2026,config_2_2_mix,clean,96.52096342551295,0.0,0.9615928946986967,0.0,0.9655355613663196,0.0,1
404,d16_cfg21,2026,config_2_2_mix,10.0,82.06958073148975,0.7708285100693227,0.8160658030008717,0.007450903517005965,0.8258167692391515,0.007517983221237172,3
404,d16_cfg21,2026,config_2_2_mix,5.0,54.62384775498068,0.21026071400135105,0.5400839364454111,0.002223544770711555,0.5222871049785874,0.00244558326056581,3
404,d16_cfg21,2026,config_2_2_mix,0.0,40.142729705619985,0.3784692852024359,0.35739982859962965,0.005712129229085261,0.3011410193305932,0.0072002583918124525,3
404,d16_cfg21,3407,fold_test,clean,99.02568644818423,0.0,0.9883774361853958,0.0,0.9902113276728977,0.0,1
404,d16_cfg21,3407,fold_test,10.0,42.13167995276055,0.15054678221413517,0.4047505090733429,0.0018548599027606797,0.3657873392579319,0.0023273172961843255,3
404,d16_cfg21,3407,fold_test,5.0,38.91349276645999,0.08350832963525735,0.36394674802075405,0.0010902231443405258,0.31428167418828634,0.0013840202094229433,3
404,d16_cfg21,3407,fold_test,0.0,36.935341009743134,0.07232033489173775,0.33765026241536256,0.0009796908915461104,0.2807908604361203,0.0012517488053774314,3
404,d16_cfg21,3407,config_2_1_mix,clean,99.1138377641445,0.0,0.9910806696396208,0.0,0.9911320199802273,0.0,1
404,d16_cfg21,3407,config_2_1_mix,10.0,55.30561236082709,0.06426782832869844,0.4875014199529733,0.0010076411036118078,0.4743822382991613,0.0010570425243974588,3
404,d16_cfg21,3407,config_2_1_mix,5.0,52.7834583049307,0.06426782832869843,0.44673156423668375,0.001072739217261472,0.4315699644167385,0.001127621086862327,3
404,d16_cfg21,3407,config_2_1_mix,0.0,51.37468757100658,0.032133914164350894,0.42279438846986395,0.0005564108564423531,0.4063948507844139,0.0005855041868486652,3
404,d16_cfg21,3407,config_2_2_mix,clean,96.69937555753792,0.0,0.9618390703074899,0.0,0.9665308348110299,0.0,1
404,d16_cfg21,3407,config_2_2_mix,10.0,40.7969075230449,0.27575434122794185,0.38272862224063414,0.003247945279174235,0.3409744337664455,0.0037662983915312965,3
404,d16_cfg21,3407,config_2_2_mix,5.0,38.03151947665774,0.1833010408257195,0.3432412334865143,0.0022965632915738165,0.2910426971963548,0.0027162987821728987,3
404,d16_cfg21,3407,config_2_2_mix,0.0,35.56348498364556,0.08410428560053908,0.3010248225422621,0.001267968583118759,0.23566802482049753,0.001582930740410638,3
404,d16_cfg21,4096,fold_test,clean,92.29406554472985,0.0,0.9140012870519942,0.0,0.9248807930935322,0.0,1
404,d16_cfg21,4096,fold_test,10.0,92.61883672866844,0.041754164817623646,0.9178166973417158,0.0004894004860494225,0.9281088745468143,0.00041458989552838304,3
404,d16_cfg21,4096,fold_test,5.0,92.2350162385592,0.041754164817623646,0.9134158497191182,0.0004163954500757186,0.9243291722735564,0.00039032815045027903,3
404,d16_cfg21,4096,fold_test,0.0,92.70741068792442,0.11047113630864616,0.9165168029899146,0.001555722584198891,0.9281641500922791,0.0011919756641870253,3
404,d16_cfg21,4096,config_2_1_mix,clean,94.06952965235173,0.0,0.9406766622680072,0.0,0.9407519159921831,0.0,1
404,d16_cfg21,4096,config_2_1_mix,10.0,94.2285844126335,0.06426782832870848,0.9422707819060373,0.0006440697032122774,0.9423374710004991,0.0006406495383800518,3
404,d16_cfg21,4096,config_2_1_mix,5.0,93.75142013178822,0.17003669105994185,0.9374924679813,0.001701264699937291,0.9375758421283771,0.001698401100922975,3
404,d16_cfg21,4096,config_2_1_mix,0.0,93.04703476482617,0.1472560940333494,0.9302386497496377,0.001500354075261176,0.9305260069500925,0.0014796857802552024,3
404,d16_cfg21,4096,config_2_2_mix,clean,98.21587867975022,0.0,0.9801701019621163,0.0,0.9822708253797775,0.0,1
404,d16_cfg21,4096,config_2_2_mix,10.0,98.09693725840025,0.11125951194689106,0.97875805511813,0.0012466878735161646,0.981050759101273,0.001109892037025904,3
404,d16_cfg21,4096,config_2_2_mix,5.0,97.26434730895035,0.1516211571095112,0.9691119651145942,0.0017287631089875192,0.9726057798705122,0.0015258493018157125,3
404,d16_cfg21,4096,config_2_2_mix,0.0,96.104668450788,0.11125951194689232,0.9554252356385144,0.001359937986925398,0.960720435631206,0.0011625531340880443,3
404,d17_cfg21,2026,fold_test,clean,92.25978647686833,0.0,0.9136952751631651,0.0,0.9247433642027001,0.0,1
404,d17_cfg21,2026,fold_test,10.0,91.87425860023723,0.11096255595414743,0.9088669000803433,0.0012775241515322045,0.9208241785658723,0.0010919767352202954,3
404,d17_cfg21,2026,fold_test,5.0,82.97746144721233,0.40008118514923,0.7931705952626679,0.005858701325603256,0.8278486004061438,0.004485766708037462,3
404,d17_cfg21,2026,fold_test,0.0,62.781731909845796,0.041939903984968614,0.39163929618977383,0.0012061009704573747,0.542721016882731,0.0008047377086561484,3
404,d17_cfg21,2026,config_2_1_mix,clean,93.93319700068167,0.0,0.9393206917914252,0.0,0.93937990242223,0.0,1
404,d17_cfg21,2026,config_2_1_mix,10.0,93.27425585094296,0.11586047520092572,0.9327056109357327,0.0011615523813220115,0.9328183962078506,0.0011561224397948653,3
404,d17_cfg21,2026,config_2_1_mix,5.0,79.52738014087707,0.22493739915045097,0.7897685102816993,0.0024661069427420307,0.7922032716628465,0.0024038205872269043,3
404,d17_cfg21,2026,config_2_1_mix,0.0,48.80708929788685,0.0,0.3426466402822453,0.0,0.364776417866514,0.0,3
404,d17_cfg21,2026,config_2_2_mix,clean,94.82604817127564,0.0,0.9427073420041592,0.0,0.9486741826652594,0.0,1
404,d17_cfg21,2026,config_2_2_mix,10.0,93.81504608980077,0.3284377346769941,0.9320374840357077,0.003495686361224882,0.9388557047363243,0.003202456074095507,3
404,d17_cfg21,2026,config_2_2_mix,5.0,88.31400535236396,0.19270712751733618,0.8752033671250511,0.0021523062129468968,0.8857311946321258,0.0019121756513142312,3
404,d17_cfg21,2026,config_2_2_mix,0.0,66.69640202200418,0.08410428560053908,0.4449147113402576,0.002212713883544046,0.5623582349623911,0.0015446162062555102,3
404,d17_cfg21,3407,fold_test,clean,96.26334519572953,0.0,0.9570265989404119,0.0,0.963213471234904,0.0,1
404,d17_cfg21,3407,fold_test,10.0,49.970344009489914,0.27501834209655024,0.4944671870273141,0.0030611267972553255,0.47396790260458826,0.0037371919301931434,3
404,d17_cfg21,3407,fold_test,5.0,35.02372479240807,0.08387980796993387,0.30647886417518505,0.0012064579572655743,0.23704525009643382,0.001558821221193964,3
404,d17_cfg21,3407,fold_test,0.0,32.76986951364176,0.15121647430583526,0.27324265259902214,0.0022870427667086896,0.19395184906711624,0.0029753148328632907,3
404,d17_cfg21,3407,config_2_1_mix,clean,97.13701431492842,0.0,0.9713172448466566,0.0,0.9714054086843693,0.0,1
404,d17_cfg21,3407,config_2_1_mix,10.0,62.30402181322427,0.2550550365899058,0.5842600947834692,0.003523728011918072,0.5751722784705843,0.0036763998421303437,3
404,d17_cfg21,3407,config_2_1_mix,5.0,50.17041581458759,0.09640174249305268,0.39076611972990144,0.0017932318887765757,0.37215852068009275,0.0018901256683051275,3
404,d17_cfg21,3407,config_2_1_mix,0.0,48.443535560099974,0.08501834552996838,0.35784807393620083,0.0016635671111726398,0.33744139555028124,0.0017555473429274803,3
404,d17_cfg21,3407,config_2_2_mix,clean,98.21587867975022,0.0,0.9798009283284321,0.0,0.9821095364900543,0.0,1
404,d17_cfg21,3407,config_2_2_mix,10.0,63.87154326494201,0.31748671579040255,0.6386830992390625,0.003211615214124069,0.6377428953155445,0.0038703214898837745,3
404,d17_cfg21,3407,config_2_2_mix,5.0,40.08325899494499,0.18330104082571952,0.3605495850046579,0.0028209634537963687,0.306862792324286,0.003600782773137177,3
404,d17_cfg21,3407,config_2_2_mix,0.0,37.94231341064526,0.336417142402163,0.32777540055650306,0.005046745445079048,0.2654492386391606,0.006311647131475504,3
404,d17_cfg21,4096,fold_test,clean,92.61565836298932,0.0,0.9174517387499547,0.0,0.9281360415067011,0.0,1
404,d17_cfg21,4096,fold_test,10.0,92.55634638196915,0.041939903984968614,0.9167169619925288,0.00044385436573337217,0.9275356702570718,0.00040006534578543605,3
404,d17_cfg21,4096,fold_test,5.0,93.23843416370107,0.1921927846502922,0.9239688197369413,0.0020534404424799604,0.9340506869049848,0.0018384140461106817,3
404,d17_cfg21,4096,fold_test,0.0,92.67497034400948,0.4130601505689264,0.9168331745013351,0.004440369663744583,0.9282787579788602,0.0039557350228042595,3
404,d17_cfg21,4096,config_2_1_mix,clean,94.3421949556919,0.0,0.9434092224176835,0.0,0.9434699655822159,0.0,1
404,d17_cfg21,4096,config_2_1_mix,10.0,94.29675073846853,0.032133914164350894,0.9429530728277343,0.0003208353717358013,0.9430180093108591,0.0003217769698455905,3
404,d17_cfg21,4096,config_2_1_mix,5.0,94.79663712792548,0.14006848450281578,0.9479405420743939,0.0013981383243978941,0.9480233742835003,0.0014011626284015598,3
404,d17_cfg21,4096,config_2_1_mix,0.0,94.29675073846853,0.19546296903073834,0.9428863221997261,0.0019490041315082494,0.943040239467626,0.0019516855958794565,3
404,d17_cfg21,4096,config_2_2_mix,clean,98.39429081177519,0.0,0.9821305854097443,0.0,0.9840342857332818,0.0,1
404,d17_cfg21,4096,config_2_2_mix,10.0,97.85905441570026,0.12615642840081198,0.9759773736353311,0.0014311271052996424,0.9786278094636297,0.0012661765090275627,3
404,d17_cfg21,4096,config_2_2_mix,5.0,97.11567053226287,0.11125951194688598,0.9672299858913735,0.0012885897521856613,0.9710246739877885,0.0011288935404688996,3
404,d17_cfg21,4096,config_2_2_mix,0.0,94.94498959262563,0.2757543412279452,0.9416881112544351,0.00316113759584748,0.9488048185485877,0.002782880712731143,3
501,d15_cfg22,2026,fold_test,clean,67.9750223015165,0.0,0.6716566109010211,0.0,0.6889015230760438,0.0,1
501,d15_cfg22,2026,fold_test,10.0,68.56972940826643,0.16820857120108484,0.6788195365640153,0.001963718788721036,0.6945397632155577,0.0015953519917454475,3
501,d15_cfg22,2026,fold_test,5.0,67.11269699672911,0.18330104082571952,0.6471284373675869,0.002028209008334884,0.6779120067911394,0.0018102735918860075,3
501,d15_cfg22,2026,fold_test,0.0,66.87481415402914,0.11125951194689232,0.4275189315330472,0.0037211477617775613,0.5518329134373626,0.002634552975385195,3
501,d15_cfg22,2026,config_2_1_mix,clean,99.79550102249489,0.0,0.9979446805708567,0.0,0.9979551095485459,0.0,1
501,d15_cfg22,2026,config_2_1_mix,10.0,96.79618268575324,0.2226302879148518,0.9679107134451428,0.0022256023289508784,0.9680022977716622,0.0022230306665366375,3
501,d15_cfg22,2026,config_2_1_mix,5.0,93.31970006816634,0.2945121880667098,0.9320122413403671,0.0029932428164670785,0.9326546102662437,0.0029660510648327337,3
501,d15_cfg22,2026,config_2_1_mix,0.0,55.05566916609862,0.08501834552997156,0.3830877205730943,0.0019182770195387137,0.40609352851088865,0.0018091564961274617,3
501,d15_cfg22,2026,config_2_2_mix,clean,67.9750223015165,0.0,0.6716566109010211,0.0,0.6889015230760438,0.0,1
501,d15_cfg22,2026,config_2_2_mix,10.0,68.36158192090396,0.08410428560053908,0.6763725455597126,0.0009844258197211234,0.6925655237537164,0.0008047003605582124,3
501,d15_cfg22,2026,config_2_2_mix,5.0,67.02349093071662,0.16820857120107816,0.645872715760906,0.0021045671461522968,0.6769428688071487,0.0017342800604917467,3
501,d15_cfg22,2026,config_2_2_mix,0.0,66.90454950936663,0.0728364478972086,0.42994254706777535,0.0021809324506889445,0.5534454483193473,0.0015695377298840171,3
501,d15_cfg22,3407,fold_test,clean,67.1721677074041,0.0,0.6447276861069964,0.0,0.677487383882536,0.0,1
501,d15_cfg22,3407,fold_test,10.0,66.66666666666667,0.3442116236333656,0.616345193181593,0.0031220634455868,0.6628246652651409,0.0030812584754228256,3
501,d15_cfg22,3407,fold_test,5.0,65.41778174249183,0.042052142800266194,0.538070441860392,0.0010990299391712712,0.615541140434249,0.0005155697958828005,3
501,d15_cfg22,3407,fold_test,0.0,66.90454950936663,0.2185093436916258,0.435888654537822,0.002609614415881613,0.5572066921517955,0.0017743739912882536,3
501,d15_cfg22,3407,config_2_1_mix,clean,98.7048398091343,0.0,0.9869669083007697,0.0,0.9870406706112024,0.0,1
501,d15_cfg22,3407,config_2_1_mix,10.0,95.79640990683934,0.16066957082175445,0.9578315157119327,0.0016210370630768463,0.9580004480433145,0.0016085338278218281,3
501,d15_cfg22,3407,config_2_1_mix,5.0,62.14496705294251,0.2317209504018505,0.5517837162798501,0.002498295293051675,0.5644309978446617,0.0024187120285736083,3
501,d15_cfg22,3407,config_2_1_mix,0.0,53.7605089752329,0.1606695708217578,0.3735516814554714,0.0022585968386468484,0.39649600908039045,0.00197376967954618,3
501,d15_cfg22,3407,config_2_2_mix,clean,67.1721677074041,0.0,0.6447276861069964,0.0,0.677487383882536,0.0,1
501,d15_cfg22,3407,config_2_2_mix,10.0,66.66666666666667,0.11125951194689106,0.6159595224483889,0.0013870238695462664,0.6626414134590218,0.0011758246689995578,3
501,d15_cfg22,3407,config_2_2_mix,5.0,65.06095747844186,0.16820857120108484,0.5306621625223551,0.004147525453130698,0.6100321127902213,0.002977329199001598,3
501,d15_cfg22,3407,config_2_2_mix,0.0,67.14243235206662,0.29436499960189255,0.4399217932385837,0.007821682112116153,0.5603768418151907,0.005708984757422226,3
501,d15_cfg22,4096,fold_test,clean,69.22390722569135,0.0,0.67613121063593,0.0,0.7002930030674053,0.0,1
501,d15_cfg22,4096,fold_test,10.0,65.95301813856675,0.3737676208735193,0.6432706589154701,0.003775127419378176,0.6687473551405602,0.0036105412903878263,3
501,d15_cfg22,4096,fold_test,5.0,57.32976509069283,0.6922656394185464,0.5429996046298816,0.006403214550555808,0.5823580996212446,0.006465358351678261,3
501,d15_cfg22,4096,fold_test,0.0,65.29884032114184,0.26261554761605654,0.5136124074379155,0.006614953696971244,0.6007084633505323,0.0047747950774743265,3
501,d15_cfg22,4096,config_2_1_mix,clean,99.93183367416496,0.0,0.9993148935236189,0.0,0.9993183698495153,0.0,1
501,d15_cfg22,4096,config_2_1_mix,10.0,90.09316064530789,0.3065380041634157,0.900888956128116,0.0030712198384028437,0.9007420242340145,0.0030837262656121635,3
501,d15_cfg22,4096,config_2_1_mix,5.0,79.32288116337196,0.22493739915046151,0.7905988886510066,0.002384171832276616,0.7889195704399271,0.002436887963799964,3
501,d15_cfg22,4096,config_2_1_mix,0.0,91.20654396728015,0.7651651097697219,0.9101576698734064,0.007900435983053037,0.9110945101600274,0.007798165044439887,3
501,d15_cfg22,4096,config_2_2_mix,clean,69.22390722569135,0.0,0.67613121063593,0.0,0.7002930030674053,0.0,1
501,d15_cfg22,4096,config_2_2_mix,10.0,65.86381207255427,0.4849689690841552,0.6425713853439347,0.004251975233320748,0.6679139825049268,0.004567108439682579,3
501,d15_cfg22,4096,config_2_2_mix,5.0,57.5676479333928,0.93654568825594,0.5447795596178141,0.008814915158764744,0.5844333825819307,0.008750858498083419,3
501,d15_cfg22,4096,config_2_2_mix,0.0,65.29884032114184,0.1927071275173318,0.513664291439169,0.0022129492908137915,0.6007417344882127,0.0019043448413200992,3
501,d16_cfg21,2026,fold_test,clean,92.02834366696192,0.0,0.9116459368087149,0.0,0.9224856321015776,0.0,1
501,d16_cfg21,2026,fold_test,10.0,90.81783289046354,0.3983093464196049,0.8987100414592873,0.00411571362282826,0.9108604500206376,0.003784430057055156,3
501,d16_cfg21,2026,fold_test,5.0,76.82314732801889,0.8837690904691845,0.7616755344023335,0.008367830771539417,0.7771632227910964,0.008660555445583225,3
501,d16_cfg21,2026,fold_test,0.0,33.7466784765279,0.2607546757108895,0.2872398275657172,0.003953189877446018,0.21300226453551638,0.005165831523206065,3
501,d16_cfg21,2026,config_2_1_mix,clean,93.86503067484662,0.0,0.9386438919931743,0.0,0.938688795280218,0.0,1
501,d16_cfg21,2026,config_2_1_mix,10.0,92.79709157009772,0.12853565665740357,0.9279686984076965,0.001284617464359553,0.9279967249301128,0.0012890258713687053,3
501,d16_cfg21,2026,config_2_1_mix,5.0,82.29947739150192,0.7597479435264931,0.8212826254710835,0.007930573598273745,0.8200343187192013,0.008081655363936657,3
501,d16_cfg21,2026,config_2_1_mix,0.0,48.8525335151102,0.3261236104159803,0.37011514654452937,0.005959249704609864,0.35056839560455266,0.006274557866509388,3
501,d16_cfg21,2026,config_2_2_mix,clean,98.92952720785013,0.0,0.9880258070029267,0.0,0.9893300519435857,0.0,1
501,d16_cfg21,2026,config_2_2_mix,10.0,95.45049063336307,0.0728364478972086,0.9501885738491508,0.0007740864932805879,0.9550936557075042,0.0007099936315381943,3
501,d16_cfg21,2026,config_2_2_mix,5.0,89.6818316978888,0.29436499960189255,0.8906979686906631,0.0029560545440683685,0.8993495200767648,0.0028304838068458865,3
501,d16_cfg21,2026,config_2_2_mix,0.0,38.80463871543265,0.3174867157904012,0.33818065443897033,0.0045664361521535815,0.2774131443543615,0.00562815360426754,3
501,d16_cfg21,3407,fold_test,clean,79.36226749335695,0.0,0.7856300580955198,0.0,0.8018719354315565,0.0,1
501,d16_cfg21,3407,fold_test,10.0,45.202243873634494,0.11047113630864998,0.44195054860691013,0.001293279887462599,0.41253432308371857,0.0016031344364496028,3
501,d16_cfg21,3407,fold_test,5.0,41.57071154413936,0.11047113630864934,0.39904289212729016,0.0012384236154758422,0.3597765931344294,0.0014468387499592492,3
501,d16_cfg21,3407,fold_test,0.0,40.596397992323595,0.041754164817627,0.38678433033350673,0.0005243760760076984,0.3442308063803506,0.0006611706978917004,3
501,d16_cfg21,3407,config_2_1_mix,clean,83.98091342876619,0.0,0.8387659511777623,0.0,0.8378376950206482,0.0,1
501,d16_cfg21,3407,config_2_1_mix,10.0,57.44149057032492,0.11586047520092572,0.5221030555580373,0.0020926822662201135,0.5107864460515883,0.0022187835121788573,3
501,d16_cfg21,3407,config_2_1_mix,5.0,54.46489434219495,0.09640174249305603,0.4800725577169181,0.0015053246250931879,0.46695763322557987,0.00157924345121658,3
501,d16_cfg21,3407,config_2_1_mix,0.0,53.715064758009554,7.105427357601002e-15,0.4676684183158409,0.0,0.45390307100877153,5.551115123125783e-17,3
501,d16_cfg21,3407,config_2_2_mix,clean,97.68064228367528,0.0,0.9734802990267799,0.0,0.9766221036331776,0.0,1
501,d16_cfg21,3407,config_2_2_mix,10.0,64.82307463574189,0.22251902389378336,0.6470303213386835,0.002189374571351908,0.6539112034003762,0.0022820772192579906,3
501,d16_cfg21,3407,config_2_2_mix,5.0,38.74516800475765,0.11125951194689168,0.3626797784571825,0.0014242543299110679,0.3206482412230904,0.0017520118695077058,3
501,d16_cfg21,3407,config_2_2_mix,0.0,37.91257805530776,0.0,0.35058630815637554,5.551115123125783e-17,0.30504459688504226,0.0,3
501,d16_cfg21,4096,fold_test,clean,90.87688219663418,0.0,0.899669640677077,0.0,0.9115253386510311,0.0,1
501,d16_cfg21,4096,fold_test,10.0,80.8680248007086,0.43990742325808563,0.8006237478630877,0.0042144106640801034,0.8163459808787082,0.004231055855094857,3
501,d16_cfg21,4096,fold_test,5.0,36.84676705048716,0.31523703135610603,0.33074280634208747,0.004411451902353169,0.2684006673656227,0.005653809094246496,3
501,d16_cfg21,4096,fold_test,0.0,31.620903454384415,0.07232033489174064,0.25359240855856496,0.0011307578574928949,0.16876400659450363,0.0014710768954475715,3
501,d16_cfg21,4096,config_2_1_mix,clean,92.97886843899114,0.0,0.9297885538907618,0.0,0.9297954050961177,0.0,1
501,d16_cfg21,4096,config_2_1_mix,10.0,85.25335151102023,0.425091727649842,0.8516849102086145,0.0043578830827534455,0.8508829223816106,0.004420862007375837,3
501,d16_cfg21,4096,config_2_1_mix,5.0,51.37468757100658,0.1400684845028154,0.41409213836600073,0.002486658364185398,0.3967971585591043,0.0026190489578350813,3
501,d16_cfg21,4096,config_2_1_mix,0.0,47.307430129516014,0.05565757197871295,0.3379938542674408,0.0007399006667351136,0.31659027868793777,0.0007689329217631171,3
501,d16_cfg21,4096,config_2_2_mix,clean,98.48349687778769,0.0,0.9831126376523402,0.0,0.984916755451436,0.0,1
501,d16_cfg21,4096,config_2_2_mix,10.0,95.3018138566756,0.11125951194689232,0.9487650596250544,0.0011829051528149783,0.9537031187108526,0.0010850387083144145,3
501,d16_cfg21,4096,config_2_2_mix,5.0,53.37496283080583,0.511586397088468,0.5259432402096352,0.005837088716658825,0.5056093811109501,0.006900383980133088,3
501,d16_cfg21,4096,config_2_2_mix,0.0,35.02824858757062,0.11125951194689106,0.2795092516880682,0.0017918975537477998,0.20397018032784978,0.002248178915563513,3
501,d17_cfg21,2026,fold_test,clean,91.90391459074732,0.0,0.9094952798342877,0.0,0.9212093949049375,0.0,1
501,d17_cfg21,2026,fold_test,10.0,92.52669039145907,0.12581971195489913,0.9162953935273824,0.0013327851899272924,0.9272177411356054,0.0012003678792227703,3
501,d17_cfg21,2026,fold_test,5.0,90.80664294187426,0.18281180317227083,0.8958687270310225,0.00215624051991623,0.9100736549877174,0.001818063826872546,3
501,d17_cfg21,2026,fold_test,0.0,81.79122182680901,0.18281180317227083,0.7884656706244574,0.0024780997345442363,0.8199223241388186,0.0019454330009342862,3
501,d17_cfg21,2026,config_2_1_mix,clean,93.72869802317655,0.0,0.9372715610998532,0.0,0.9373419527890184,0.0,1
501,d17_cfg21,2026,config_2_1_mix,10.0,94.2285844126335,0.06426782832870848,0.9422699503215113,0.0006416315754134426,0.9423384589931524,0.0006435462401321486,3
501,d17_cfg21,2026,config_2_1_mix,5.0,92.13815042035901,0.08501834552996838,0.9212679607357618,0.0008398217421184633,0.9214816774679763,0.0008485277067211548,3
501,d17_cfg21,2026,config_2_1_mix,0.0,79.82276755282889,0.6020286889112366,0.7957072861270013,0.005941146919119012,0.7973305345136027,0.005942983975951846,3
501,d17_cfg21,2026,config_2_2_mix,clean,98.48349687778769,0.0,0.9829583002833875,0.0,0.9848501032012196,0.0,1
501,d17_cfg21,2026,config_2_2_mix,10.0,98.92952720785013,0.14567289579441722,0.9879988063180566,0.0016391126318927123,0.9893183297913811,0.0014561853232108511,3
501,d17_cfg21,2026,config_2_2_mix,5.0,95.48022598870057,0.2557931985442324,0.9492935184099475,0.002748783076173313,0.9548841652371597,0.002500376296196396,3
501,d17_cfg21,2026,config_2_2_mix,0.0,83.8537020517395,0.3337785358406681,0.8145048589187743,0.004489389500293965,0.8368376461250889,0.003679627623708898,3
501,d17_cfg21,3407,fold_test,clean,89.23487544483986,0.0,0.882126684087137,0.0,0.8959619938208083,0.0,1
501,d17_cfg21,3407,fold_test,10.0,71.26334519572953,0.3328876678624486,0.7089548225484886,0.0031090375227237604,0.7219883032789026,0.0034279435605280464,3
501,d17_cfg21,3407,fold_test,5.0,36.23962040332147,0.2935793278947736,0.3237475965648443,0.004111659908986846,0.25931577184671256,0.005291287228409665,3
501,d17_cfg21,3407,fold_test,0.0,31.79122182680901,0.08387980796993388,0.2593708732525217,0.0015166480664434965,0.17637860327029986,0.0020998085386088423,3
501,d17_cfg21,3407,config_2_1_mix,clean,91.75187457396046,0.0,0.9175132264068087,0.0,0.9174649322448445,0.0,1
501,d17_cfg21,3407,config_2_1_mix,10.0,78.32310838445808,0.19280348498611205,0.7786499491753994,0.002095567560652203,0.7763709390007122,0.0021478911307809476,3
501,d17_cfg21,3407,config_2_1_mix,5.0,51.30652124517155,0.14006848450281847,0.4115371240361234,0.0025213977712896254,0.3940423090881369,0.0026554133380609075,3
501,d17_cfg21,3407,config_2_1_mix,0.0,47.67098386730288,0.08501834552996838,0.3449175455060036,0.0013671488173503815,0.32388693683353814,0.0014321935320903865,3
501,d17_cfg21,3407,config_2_2_mix,clean,98.66190900981266,0.0,0.9850804008017455,0.0,0.9866832021521426,0.0,1
501,d17_cfg21,3407,config_2_2_mix,10.0,87.03538507285162,0.5368858187709725,0.8645781087748182,0.005299452026093885,0.8739306735012407,0.0051708037576905985,3
501,d17_cfg21,3407,config_2_2_mix,5.0,45.13826940231936,0.5499031224771608,0.42559370237152816,0.0073415111764232495,0.38489670074029947,0.009062604677849818,3
501,d17_cfg21,3407,config_2_2_mix,0.0,34.82010110020815,0.18330104082571952,0.27614616021577343,0.002963847865585937,0.1997493219006905,0.003720074263674348,3
501,d17_cfg21,4096,fold_test,clean,90.83629893238434,0.0,0.8985857258612004,0.0,0.9111364823977737,0.0,1
501,d17_cfg21,4096,fold_test,10.0,74.05100830367735,0.35833469672581614,0.7351654072121209,0.003344686988154629,0.7501545723929642,0.003581590494489035,3
501,d17_cfg21,4096,fold_test,5.0,47.56820877817319,0.7419926455039615,0.46760260719070024,0.008664758495477418,0.44152095566308897,0.010857872595767001,3
501,d17_cfg21,4096,fold_test,0.0,56.52431791221827,1.2075488180013263,0.5646983018446886,0.012404460948521125,0.5588796232097666,0.014517588566066983,3
501,d17_cfg21,4096,config_2_1_mix,clean,92.97886843899114,0.0,0.9297875098801005,0.0,0.9298080638017904,0.0,1
501,d17_cfg21,4096,config_2_1_mix,10.0,79.59554646671211,0.37058637651216153,0.7925552035448064,0.003939088973173384,0.7906548814711459,0.004022718156086903,3
501,d17_cfg21,4096,config_2_1_mix,5.0,59.66825721426949,0.4533046431097473,0.5479968045638688,0.006480441942617479,0.5373799610348075,0.006768510141108975,3
501,d17_cfg21,4096,config_2_1_mix,0.0,66.62122244944331,0.5171464065776453,0.6424583847017522,0.006233463631886411,0.6358628568098884,0.006438127127476411,3
501,d17_cfg21,4096,config_2_2_mix,clean,98.75111507582515,0.0,0.9860481903718823,0.0,0.9875595130850737,0.0,1
501,d17_cfg21,4096,config_2_2_mix,10.0,88.52215283972642,0.18330104082572488,0.879198427470549,0.0018254146325103393,0.8882215621962858,0.001762855977027977,3
501,d17_cfg21,4096,config_2_2_mix,5.0,62.11715730002973,0.7368130653204787,0.6204956799109916,0.007605325822653299,0.6152287187880577,0.008681416376281708,3
501,d17_cfg21,4096,config_2_2_mix,0.0,74.60600654177817,0.5115863970884713,0.7442732390934168,0.0049623131911981175,0.7514138439525994,0.005203936001025156,3
